{
    "Version": "2012-10-17",
    "Statement": [
      {
        "Sid": "AllowS3DeploymentBucketRead",
        "Effect": "Allow",
        "Action": [
          "s3:GetBucketLocation",
          "s3:ListBucket"
        ],
        "Resource": "arn:aws:s3:::hitokoto-app-dev-serverlessdeploybucket-*"
      },
      {
        "Sid": "AllowS3DeploymentBucketObjectReadWrite",
        "Effect": "Allow",
        "Action": [
          "s3:GetObject",
          "s3:PutObject",
          "s3:DeleteObject"
        ],
        "Resource": "arn:aws:s3:::hitokoto-app-dev-serverlessdeploybucket-*/*"
      }
    ]
  }
  